rank,game_id,start_time,match,pick,odds,units,confidence_pct,reason,predicted_score,bet_home_spread,bet_home_ml,bet_away_spread,bet_away_ml,bet_over,bet_under,home_money_line,away_money_line,tie_money_line,total_score,over_odds,under_odds,home_spread,home_spread_odds,away_spread,away_spread_odds,timestamp,start_time_pt,date,model
1,263435,2025-11-22T12:30:00.000Z,Burnley vs Chelsea,Chelsea -1.5,125,3,92,Chelsea heavily favored (-200 ML) away at Burnley. 98% of tickets and money on Chelsea. Strong form makes covering -1.5 very likely.,0-3,0,0,1,0,0,0,550,-200,350,2.5,-129,101,1.5,-182,-1.5,125,2025-11-20 19:00:00+00:00,2025-11-22 04:30:00-08:00,2025-11-22,cliff
2,263515,2025-11-22T20:05:00.000Z,PSG vs Le Havre,PSG -2.5,134,3,90,PSG massive favorites (-550 ML) at home. 100% of tickets/money on PSG. Should dominate inferior opposition.,4-0,1,0,0,0,0,0,-550,1350,650,3.5,112,-154,-2.5,134,2.5,-172,2025-11-20 19:00:00+00:00,2025-11-22 12:05:00-08:00,2025-11-22,cliff
3,263447,2025-11-22T14:30:00.000Z,Bayern vs Freiburg,Bayern -2.5,120,3,90,Bayern overwhelming favorites (-537 ML) at home. 100% tickets/money backing them. Elite attack should cover spread easily.,4-1,1,0,0,0,0,0,-537,1225,650,3.5,-113,-114,-2.5,120,2.5,-175,2025-11-20 19:00:00+00:00,2025-11-22 06:30:00-08:00,2025-11-22,cliff
4,263432,2025-11-22T15:00:00.000Z,Liverpool vs Nottingham,Liverpool -1.5,105,2,88,Liverpool strong favorites (-235 ML) at Anfield. 98% backing across board. Home dominance expected.,3-1,1,0,0,0,0,0,-235,600,385,3.5,130,-172,-1.5,105,1.5,-145,2025-11-20 19:00:00+00:00,2025-11-22 07:00:00-08:00,2025-11-22,cliff
5,263498,2025-11-22T15:15:00.000Z,Barcelona vs Athletic,Barcelona -1.5,108,2,87,Barcelona heavy favorites (-238 ML) at home. Nearly unanimous backing (99-100%). Should control match.,3-0,1,0,0,0,0,0,-238,570,400,3.5,128,-163,-1.5,108,1.5,-152,2025-11-20 19:00:00+00:00,2025-11-22 07:15:00-08:00,2025-11-22,cliff
6,263495,2025-11-22T20:00:00.000Z,Villarreal vs Mallorca,Villarreal -1.5,115,2,85,Villarreal strong favorites (-226 ML) at home. 99% consensus support. Quality gap significant.,2-0,1,0,0,0,0,0,-226,580,375,2.5,-153,119,-1.5,115,1.5,-165,2025-11-20 19:00:00+00:00,2025-11-22 12:00:00-08:00,2025-11-22,cliff
7,263430,2025-11-22T17:30:00.000Z,Newcastle vs Man City,Man City -0.5,-110,2,83,Man City slight favorites (-103 ML) away. 95-97% backing City. Quality advantage in tight match.,1-2,0,0,1,0,0,0,260,-103,280,2.5,-151,115,0.5,-130,-0.5,-110,2025-11-20 19:00:00+00:00,2025-11-22 09:30:00-08:00,2025-11-22,cliff
8,263438,2025-11-22T15:00:00.000Z,Bournemouth vs West Ham,Bournemouth -0.5,-175,2,82,Bournemouth solid favorites (-160 ML) at home. 83-91% backing. Home advantage key.,2-1,1,0,0,0,0,0,-160,400,310,2.5,-157,121,-0.5,-175,0.5,125,2025-11-20 19:00:00+00:00,2025-11-22 07:00:00-08:00,2025-11-22,cliff
9,263429,2025-11-22T15:00:00.000Z,Wolverhampton vs Crystal Palace,Crystal Palace -0.5,-110,1,78,Crystal Palace favorites (-102 ML) away. 93% consensus backing. Form trending right direction.,1-2,0,0,1,0,0,0,280,-102,255,2.5,102,-125,0.5,-130,-0.5,-110,2025-11-20 19:00:00+00:00,2025-11-22 07:00:00-08:00,2025-11-22,cliff
10,263446,2025-11-22T14:30:00.000Z,Dortmund vs Stuttgart,Dortmund -0.5,-143,1,76,Dortmund favorites (-133 ML) at home. 89-96% backing. Home fortress advantage.,2-1,1,0,0,0,0,0,-133,310,310,3.5,122,-163,-0.5,-143,0.5,-105,2025-11-20 19:00:00+00:00,2025-11-22 06:30:00-08:00,2025-11-22,cliff
11,263514,2025-11-22T19:45:00.000Z,Napoli vs Atalanta,Napoli -0.5,110,1,74,Napoli slight favorites (+120 ML) at home. 91-94% heavy backing. Close match but home edge.,2-1,1,0,0,0,0,0,120,240,222,2.5,106,-136,-0.5,110,0.5,-155,2025-11-20 19:00:00+00:00,2025-11-22 11:45:00-08:00,2025-11-22,cliff
12,263523,2025-11-22T16:00:00.000Z,Lens vs Strasbourg,Lens -0.5,-105,1,72,Lens favorites (+105 ML) at home. 78-86% backing. Should edge tight contest.,1-0,1,0,0,0,0,0,105,250,275,2.5,-160,125,-0.5,-105,0.5,-135,2025-11-20 19:00:00+00:00,2025-11-22 08:00:00-08:00,2025-11-22,cliff
1,263445,2025-11-21T19:30:00.000Z,Mainz vs HOFF,Under 2.5,130,3,91,Strong under trend with 90-91% of tickets/money backing under. Defensive matchup expected.,1-0,0,0,0,0,0,1,150,170,260,2.5,-167,130,-0.5,130,0.5,-190,2025-11-21 19:00:00+00:00,2025-11-21 11:30:00-08:00,2025-11-21,cliff
2,263516,2025-11-21T19:45:00.000Z,Nice vs Marseille,Marseille -0.5,-115,3,90,Marseille heavily backed with 90% tickets and 83% money. Away favorite with quality edge.,1-2,0,0,1,0,0,0,266,-102,270,2.5,-147,115,0.5,-125,-0.5,-115,2025-11-21 19:00:00+00:00,2025-11-21 11:45:00-08:00,2025-11-21,cliff
3,263496,2025-11-21T20:00:00.000Z,Valencia vs Levante,Valencia -0.5,-102,3,92,Strong home favorite with 88% tickets and 68% money. Clear quality advantage at home.,2-0,1,0,0,0,0,0,105,255,240,2.5,-110,-115,-0.5,-102,0.5,-135,2025-11-21 19:00:00+00:00,2025-11-21 12:00:00-08:00,2025-11-21,cliff
4,263504,2025-11-22T13:00:00.000Z,Alaves vs Celta Vigo,Under 2.5,-168,2,88,Heavy under backing at 87-88% tickets/money. Defensive game expected.,1-1,0,0,0,0,0,1,155,200,207,2.5,130,-168,-0.5,135,0.5,-200,2025-11-21 19:00:00+00:00,2025-11-22 05:00:00-08:00,2025-11-22,cliff
5,263512,2025-11-22T14:00:00.000Z,Udinese vs Bologna,Bologna -0.5,-105,2,86,Bologna backed by 86% tickets and 79% money as away favorite. Strong road form.,0-1,0,0,1,0,0,0,280,105,220,2.5,125,-163,0.5,-135,-0.5,-105,2025-11-21 19:00:00+00:00,2025-11-22 06:00:00-08:00,2025-11-22,cliff
6,263442,2025-11-22T14:30:00.000Z,Augsburg vs HSV,Augsburg -0.5,115,2,85,Home favorite with 76-81% backing. Home advantage key in tight matchup.,1-0,1,0,0,0,0,0,130,195,255,2.5,-146,115,-0.5,115,0.5,-165,2025-11-21 19:00:00+00:00,2025-11-22 06:30:00-08:00,2025-11-22,cliff
7,263436,2025-11-22T15:00:00.000Z,Albion vs Brentford,Albion -0.5,-118,2,83,Home slight favorite with 66-80% backing. Should edge at home.,1-0,1,0,0,0,0,0,-108,285,270,2.5,-150,111,-0.5,-118,0.5,-120,2025-11-21 19:00:00+00:00,2025-11-22 07:00:00-08:00,2025-11-22,cliff
1,263447,2025-11-22T14:30:00.000Z,Bayern vs Freiburg,Bayern -2.5,120,3,92,Bayern at home against mid-table Freiburg with massive -537 ML. Strong home advantage and quality gap justifies -2.5 spread at plus money,3-0,1,0,0,0,0,0,-537,1225,650,3.5,-113,-114,-2.5,120,2.5,-175,2025-11-21 23:45:00+00:00,2025-11-22 06:30:00-08:00,2025-11-22,david
2,263432,2025-11-22T15:00:00.000Z,Liverpool vs Nottingham,Liverpool -1.5,105,3,90,Liverpool heavy favorites (-235 ML) at Anfield against struggling Nottingham. Home dominance should cover 1.5 goals,3-1,1,0,0,0,0,0,-235,600,385,3.5,130,-172,-1.5,105,1.5,-145,2025-11-21 23:45:00+00:00,2025-11-22 07:00:00-08:00,2025-11-22,david
3,263498,2025-11-22T15:15:00.000Z,Barcelona vs Athletic,Barcelona -1.5,108,3,88,Barcelona strong home favorite (-238 ML) against Athletic. Camp Nou advantage and quality difference should produce multi-goal win,2-0,1,0,0,0,0,0,-238,570,400,3.5,128,-163,-1.5,108,1.5,-152,2025-11-21 23:45:00+00:00,2025-11-22 07:15:00-08:00,2025-11-22,david
4,263446,2025-11-22T14:30:00.000Z,Dortmund vs Stuttgart,Dortmund -0.5,-143,2,85,Dortmund solid home favorite (-133 ML) against Stuttgart. Home field advantage crucial in tight Bundesliga matchup,2-1,1,0,0,0,0,0,-133,310,310,3.5,122,-163,-0.5,-143,0.5,-105,2025-11-21 23:45:00+00:00,2025-11-22 06:30:00-08:00,2025-11-22,david
5,263515,2025-11-22T20:05:00.000Z,PSG vs Le Havre,PSG -2.5,134,2,83,PSG massive favorite (-550 ML) at home against promoted Le Havre. Huge quality gap should result in comfortable win,4-1,1,0,0,0,0,0,-550,1350,650,3.5,112,-154,-2.5,134,2.5,-172,2025-11-21 23:45:00+00:00,2025-11-22 12:05:00-08:00,2025-11-22,david
6,263438,2025-11-22T15:00:00.000Z,Bournemouth vs West Ham,Bournemouth -0.5,-175,2,82,Bournemouth strong home favorite (-160 ML) against inconsistent West Ham. Home form should prevail,2-1,1,0,0,0,0,0,-160,400,310,2.5,-157,121,-0.5,-175,0.5,125,2025-11-21 23:45:00+00:00,2025-11-22 07:00:00-08:00,2025-11-22,david
7,263523,2025-11-22T16:00:00.000Z,Lens vs Strasbourg,Lens -0.5,-105,2,80,Lens solid home favorite with good value at -105. Strasbourg struggles away from home,2-1,1,0,0,0,0,0,105,250,275,2.5,-160,125,-0.5,-105,0.5,-135,2025-11-21 23:45:00+00:00,2025-11-22 08:00:00-08:00,2025-11-22,david
8,263442,2025-11-22T14:30:00.000Z,Augsburg vs HSV,Augsburg -0.5,115,1,78,Augsburg home favorite getting plus money on spread. Good value against HSV,2-1,1,0,0,0,0,0,130,195,255,2.5,-146,115,-0.5,115,0.5,-165,2025-11-21 23:45:00+00:00,2025-11-22 06:30:00-08:00,2025-11-22,david
9,263496,2025-11-21T20:00:00.000Z,Valencia vs Levante,Valencia -0.5,-102,1,75,Valencia strong home favorite (105 ML) in derby match. Should control game at Mestalla,2-0,1,0,0,0,0,0,105,255,240,2.5,-110,-115,-0.5,-102,0.5,-135,2025-11-21 23:45:00+00:00,2025-11-21 12:00:00-08:00,2025-11-21,david
10,263436,2025-11-22T15:00:00.000Z,Albion vs Brentford,Albion -0.5,-118,1,72,West Brom slight home favorite with reasonable odds. Brentford inconsistent away,1-0,1,0,0,0,0,0,-108,285,270,2.5,-150,111,-0.5,-118,0.5,-120,2025-11-21 23:45:00+00:00,2025-11-22 07:00:00-08:00,2025-11-22,david
1,263496,2025-11-21T20:00:00.000Z,Valencia vs Levante,Valencia -0.5,-102,3,92,"Valencia strong home favorite (105 ML) with excellent home support. Levante struggling away, should control derby match",2-0,1,0,0,0,0,0,105,255,240,2.5,-110,-115,-0.5,-102,0.5,-135,2025-11-21 19:15:00+00:00,2025-11-21 12:00:00-08:00,2025-11-21,david
2,263442,2025-11-22T14:30:00.000Z,Augsburg vs HSV,Augsburg -0.5,115,3,90,Augsburg home favorite getting plus money on spread. Strong value against HSV with home advantage,2-1,1,0,0,0,0,0,130,195,255,2.5,-146,115,-0.5,115,0.5,-165,2025-11-21 19:15:00+00:00,2025-11-22 06:30:00-08:00,2025-11-22,david
3,263436,2025-11-22T15:00:00.000Z,Albion vs Brentford,Albion -0.5,-118,2,85,West Brom slight home favorite with reasonable odds. Brentford inconsistent away from home,1-0,1,0,0,0,0,0,-108,285,270,2.5,-150,111,-0.5,-118,0.5,-120,2025-11-21 19:15:00+00:00,2025-11-22 07:00:00-08:00,2025-11-22,david
4,263504,2025-11-22T13:00:00.000Z,Alaves vs Celta Vigo,Alaves -0.5,135,2,82,Alaves home favorite getting excellent plus money value. Celta Vigo poor away record justifies risk,2-1,1,0,0,0,0,0,155,200,207,2.5,130,-168,-0.5,135,0.5,-200,2025-11-21 19:15:00+00:00,2025-11-22 05:00:00-08:00,2025-11-22,david
5,263512,2025-11-22T14:00:00.000Z,Udinese vs Bologna,Bologna -0.5,-105,1,78,Bologna strong away favorite (105 ML) with better form. Udinese struggling at home,1-2,0,0,1,0,0,0,280,105,220,2.5,125,-163,0.5,-135,-0.5,-105,2025-11-21 19:15:00+00:00,2025-11-22 06:00:00-08:00,2025-11-22,david
6,263445,2025-11-21T19:30:00.000Z,Mainz vs HOFF,Mainz -0.5,130,1,75,Mainz home favorite with plus money value. Hoffenheim inconsistent on the road,2-1,1,0,0,0,0,0,150,170,260,2.5,-167,130,-0.5,130,0.5,-190,2025-11-21 19:15:00+00:00,2025-11-21 11:30:00-08:00,2025-11-21,david
1,263447,2025-11-22T14:30:00.000Z,Bayern vs Freiburg,Bayern -2.5,120,3,96,Dominant home favorite with 100% money support on the Money Line implies a blowout.,4-1,1,0,0,0,0,0,-537,1225,650,3.5,-113,-114,-2.5,120,2.5,-175,2025-11-21 04:07:46+00:00,2025-11-22 06:30:00-08:00,2025-11-22,gary
2,263432,2025-11-22T15:00:00.000Z,Liverpool vs Nottingham,Liverpool -1.5,105,3,94,Strong Anfield advantage and 98% of ML money backing Liverpool to clear the handicap.,3-0,1,0,0,0,0,0,-235,600,385,3.5,-172,85,-1.5,105,1.5,-145,2025-11-21 04:07:46+00:00,2025-11-22 07:00:00-08:00,2025-11-22,gary
3,263498,2025-11-22T15:15:00.000Z,Barcelona vs Athletic,Barcelona -1.5,108,3,93,Barcelona's technical superiority at home aligns with 99% money support.,3-1,1,0,0,0,0,0,-238,570,400,3.5,-163,96,-1.5,108,1.5,-152,2025-11-21 04:07:46+00:00,2025-11-22 07:15:00-08:00,2025-11-22,gary
4,263435,2025-11-22T12:30:00.000Z,Burnley vs Chelsea,Chelsea -1.5,125,2,88,Significant talent gap; 98% of money is on Chelsea to win comfortably away.,0-2,0,0,1,0,0,0,550,-200,350,2.5,-129,101,1.5,-182,-1.5,125,2025-11-21 04:07:46+00:00,2025-11-22 04:30:00-08:00,2025-11-22,gary
5,263515,2025-11-22T20:05:00.000Z,PSG vs Le Havre,PSG -2.5,134,2,86,League leaders at home against weaker opposition; 100% money support suggests dominance.,4-0,1,0,0,0,0,0,-550,1350,650,3.5,-154,97,-2.5,134,2.5,-172,2025-11-21 04:07:46+00:00,2025-11-22 12:05:00-08:00,2025-11-22,gary
6,263430,2025-11-22T17:30:00.000Z,Newcastle vs Man City,Man City -0.5,-110,2,85,Value line for City (ML equivalent) with 97% public and sharp money backing.,1-2,0,0,1,0,0,0,260,-103,280,2.5,-151,96,0.5,-130,-0.5,-110,2025-11-21 04:07:46+00:00,2025-11-22 09:30:00-08:00,2025-11-22,gary
7,263446,2025-11-22T14:30:00.000Z,Dortmund vs Stuttgart,Dortmund -0.5,-143,1,78,Dortmund needs points at home; 89% money support on the ML validates the pick.,2-1,1,0,0,0,0,0,-133,310,310,3.5,-163,96,-0.5,-143,0.5,-105,2025-11-21 04:07:46+00:00,2025-11-22 06:30:00-08:00,2025-11-22,gary
8,263495,2025-11-22T20:00:00.000Z,Villarreal vs Mallorca,Villarreal -1.5,115,1,77,99% money support on Villarreal indicates high confidence in a multi-goal win.,2-0,1,0,0,0,0,0,-226,580,375,2.5,-153,90,-1.5,115,1.5,-165,2025-11-21 04:07:46+00:00,2025-11-22 12:00:00-08:00,2025-11-22,gary
9,263436,2025-11-22T15:00:00.000Z,Albion vs Brentford,Albion -0.5,-118,1,75,Solid home favorite with 66% money support; -0.5 line requires just a win.,2-1,1,0,0,0,0,0,-108,285,270,2.5,-150,86,-0.5,-118,0.5,-120,2025-11-21 04:07:46+00:00,2025-11-22 07:00:00-08:00,2025-11-22,gary
10,263445,2025-11-21T19:30:00.000Z,Mainz vs HOFF,Over 2.5,-167,1,74,Heavy juice on the Over (-167) signals market expectation for a high-scoring affair.,2-2,0,0,0,0,1,0,150,170,260,2.5,-167,130,-0.5,130,0.5,-190,2025-11-21 04:07:46+00:00,2025-11-21 11:30:00-08:00,2025-11-21,gary
1,263516,2025-11-21T19:45:00.000Z,Nice vs Marseille,Marseille ML,-102,3,92,Strong away favorite with 83% money support. ML (-102) offers better value than the -0.5 spread (-115) for the exact same winning condition.,1-2,0,0,0,1,0,0,266,-102,270,2.5,-147,115,0.5,-125,-0.5,-115,2025-11-21 09:55:11+00:00,2025-11-21 11:45:00-08:00,2025-11-21,gary
2,263436,2025-11-22T15:00:00.000Z,Albion vs Brentford,Albion ML,-108,3,88,Home favorite with 80% ticket support. ML price (-108) is mathematically superior to the -0.5 spread (-118).,2-1,0,1,0,0,0,0,-108,285,270,2.5,-150,86,-0.5,-118,0.5,-120,2025-11-21 09:55:11+00:00,2025-11-22 07:00:00-08:00,2025-11-22,gary
3,263504,2025-11-22T13:00:00.000Z,Alaves vs Celta Vigo,Under 2.5,-168,2,85,"Massive sharp signal: 88% of tickets are on the Over, but the line is heavily juiced to the Under (-168), indicating smart money is fading the public.",0-1,0,0,0,0,0,1,155,200,207,2.5,130,-168,-0.5,135,0.5,-200,2025-11-21 09:55:11+00:00,2025-11-22 05:00:00-08:00,2025-11-22,gary
4,263445,2025-11-21T19:30:00.000Z,Mainz vs HOFF,Over 2.5,-167,2,82,Market consensus is overwhelming (90% tickets) with heavy juice (-167) confirming the expectation of a high-scoring match.,2-2,0,0,0,0,1,0,150,170,260,2.5,-167,130,-0.5,130,0.5,-190,2025-11-21 09:55:11+00:00,2025-11-21 11:30:00-08:00,2025-11-21,gary
5,263496,2025-11-21T20:00:00.000Z,Valencia vs Levante,Valencia ML,105,2,80,Solid home favorite backed by 88% of tickets. Getting plus money (+105) on a team expected to win is high value.,1-0,0,1,0,0,0,0,105,255,240,2.5,-110,-115,-0.5,-102,0.5,-135,2025-11-21 09:55:11+00:00,2025-11-21 12:00:00-08:00,2025-11-21,gary
6,263442,2025-11-22T14:30:00.000Z,Augsburg vs HSV,Augsburg ML,130,1,76,Home favorite with 76% money support. The +130 ML is significantly better value than the +115 spread.,2-1,0,1,0,0,0,0,130,195,255,2.5,-146,89,-0.5,115,0.5,-165,2025-11-21 09:55:11+00:00,2025-11-22 06:30:00-08:00,2025-11-22,gary
7,263512,2025-11-22T14:00:00.000Z,Udinese vs Bologna,Bologna ML,105,1,72,Bologna is the favorite on the road; taking the ML at +105 avoids the heavy juice on the spread.,1-2,0,0,0,1,0,0,280,105,220,2.5,125,78,0.5,-135,-0.5,-105,2025-11-21 09:55:11+00:00,2025-11-22 06:00:00-08:00,2025-11-22,gary
1,263437,2025-11-23T16:30:00.000Z,Arsenal vs Tottenham,Arsenal -1.5,115,3,92,Arsenal severely weakened by key injuries but Spurs face even worse crisis with 9+ players injured. Arsenal unbeaten in 26 of last 32 home derbies scoring 2+ in last 8 home meetings. Despite Arsenal issues quality edge remains decisive.,2-0,1,0,0,0,0,0,-225,650,350,2.5,-110,-115,-1.5,115,1.5,-165,2025-11-23 20:00:00+00:00,2025-11-23 08:30:00-08:00,2025-11-23,cliff
2,265703,2025-11-25T20:00:00.000Z,Man City vs Leverkusen,Man City -1.5,-165,3,90,City are massive favorites with elite home form. Leverkusen traveling to Etihad where City dominate. Historical success with heavy favorites has been strong. City need statement win after Newcastle loss.,3-1,1,0,0,0,0,0,-450,1000,550,3.5,-110,-115,-1.5,-165,1.5,128,2025-11-23 20:00:00+00:00,2025-11-25 12:00:00-08:00,2025-11-25,cliff
3,263502,2025-11-23T20:00:00.000Z,Elche vs Real Madrid,Real Madrid -1.5,-105,3,88,Massive talent gap with Real Madrid facing Segunda division side. Cup tie but Madrid bench stronger than Elche starters. Clean line at near even money is excellent value.,0-3,0,0,1,0,0,0,575,-250,425,3.5,113,-149,1.5,-130,-1.5,-105,2025-11-23 20:00:00+00:00,2025-11-23 12:00:00-08:00,2025-11-23,cliff
4,263508,2025-11-23T19:45:00.000Z,Inter vs Milan,Under 2.5,-131,2,85,Derby della Madonnina historically tight and tactical. Milan unbeaten in 10 but drawing frequently. Inter top defensively lately with consecutive home clean sheets. Both coaches conservative in big games.,1-1,0,0,0,0,0,1,106,280,225,2.5,-100,-131,-0.5,-105,0.5,-135,2025-11-23 20:00:00+00:00,2025-11-23 11:45:00-08:00,2025-11-23,cliff
5,263518,2025-11-23T19:45:00.000Z,Lille vs Paris FC,Lille -0.5,-175,2,83,Lille heavily favored at home. Paris FC from Ligue 2 represents significant quality gap. 97% of bets and 95% of money on Lille shows sharp consensus.,2-0,1,0,0,0,0,0,-155,400,310,2.5,-147,111,-0.5,-175,0.5,120,2025-11-23 20:00:00+00:00,2025-11-23 11:45:00-08:00,2025-11-23,cliff
6,265699,2025-11-25T17:45:00.000Z,Galatasaray vs Union Saint-Gilloise,Galatasaray -0.5,-185,2,82,Dominant home side with 98% of tickets and money backing Galatasaray shows unprecedented sharp consensus. Turkish powerhouse vs Belgian side in European competition.,2-0,1,0,0,0,0,0,-172,410,350,3.5,126,-173,-0.5,-185,0.5,130,2025-11-23 20:00:00+00:00,2025-11-25 09:45:00-08:00,2025-11-25,cliff
7,272227,2025-11-24T20:00:00.000Z,Man U vs Everton,Man U -0.5,-150,2,80,United at Old Trafford as solid favorites. 95% of bets and 93% of money on United. Everton struggling and United need bounce-back performance at home.,2-1,1,0,0,0,0,0,-135,360,280,2.5,-140,110,-0.5,-150,0.5,105,2025-11-23 20:00:00+00:00,2025-11-24 12:00:00-08:00,2025-11-24,cliff
8,263509,2025-11-23T17:00:00.000Z,Lazio vs Lecce,Lazio -0.5,-145,2,79,Lazio strong at home with good Europa form. 97% of tickets on Lazio shows sharp action. Lecce bottom-half side traveling to Rome with clear quality edge.,2-0,1,0,0,0,0,0,-135,433,240,2.5,133,-172,-0.5,-145,0.5,105,2025-11-23 20:00:00+00:00,2025-11-23 09:00:00-08:00,2025-11-23,cliff
9,265706,2025-11-25T20:00:00.000Z,Dortmund vs Villarreal,Under 2.5,110,1,76,Champions League knockout intensity with both tactically astute coaches. 96% of money on under shows sharp lean. Dortmund solid defensively at home in European matches.,1-1,0,0,0,0,0,1,-127,333,280,2.5,-145,110,-0.5,-143,0.5,-105,2025-11-23 20:00:00+00:00,2025-11-25 12:00:00-08:00,2025-11-25,cliff
10,265705,2025-11-25T20:00:00.000Z,Chelsea vs Barcelona,Chelsea -0.5,115,1,74,Chelsea home in Womens Champions League. Only 26% on Chelsea ML but line holds suggesting sharp money. Plus odds on home favorite indicates value opportunity.,2-1,1,0,0,0,0,0,125,175,290,3.5,-100,-126,-0.5,115,0.5,-165,2025-11-23 20:00:00+00:00,2025-11-25 12:00:00-08:00,2025-11-25,cliff
11,265700,2025-11-25T20:00:00.000Z,Napoli vs Qarabag,Napoli -1.5,-130,1,72,Napoli massive favorites hosting Azerbaijan side. 97% tickets and 87% money on Napoli. Should dominate weaker opponent at home in European competition.,3-0,1,0,0,0,0,0,-350,875,475,3.0,-115,-106,-1.5,-130,1.5,-107,2025-11-23 20:00:00+00:00,2025-11-25 12:00:00-08:00,2025-11-25,cliff
1,265703,2025-11-25T20:00:00.000Z,Man City vs Leverkusen,Man City -1.5,-165,3,92,Man City massive home favorite (-450 ML) in Champions League. Historical success with strong home favorites covering spreads,3-1,1,0,0,0,0,0,-450,1000,550,3.5,-110,-115,-1.5,-165,1.5,128,2025-11-23 18:30:00+00:00,2025-11-25 12:00:00-08:00,2025-11-25,david
2,265699,2025-11-25T17:45:00.000Z,Galatasaray vs Union Saint-Gilloise,Galatasaray -0.5,-185,3,90,Galatasaray strong home favorite (-172 ML) in European competition. Home advantage crucial,2-0,1,0,0,0,0,0,-172,410,350,3.5,126,-173,-0.5,-185,0.5,130,2025-11-23 18:30:00+00:00,2025-11-25 09:45:00-08:00,2025-11-25,david
3,265708,2025-11-26T17:45:00.000Z,Copenhagen vs Kairat Almaty,Copenhagen -1.5,-115,3,88,Copenhagen heavy home favorite (-295 ML) against weaker opposition. Should win comfortably,3-0,1,0,0,0,0,0,-295,750,420,3.5,122,-165,-1.5,-115,1.5,-120,2025-11-23 18:30:00+00:00,2025-11-26 09:45:00-08:00,2025-11-26,david
4,263437,2025-11-23T16:30:00.000Z,Arsenal vs Tottenham,Arsenal -1.5,115,2,85,Arsenal strong home favorite (-225 ML) in North London derby. Plus money value on home spread,2-0,1,0,0,0,0,0,-225,650,350,2.5,-110,-115,-1.5,115,1.5,-165,2025-11-23 18:30:00+00:00,2025-11-23 08:30:00-08:00,2025-11-23,david
5,263509,2025-11-23T17:00:00.000Z,Lazio vs Lecce,Lazio -0.5,-145,2,82,Lazio solid home favorite (-135 ML) against struggling Lecce. Home form should prevail,2-1,1,0,0,0,0,0,-135,433,240,2.5,133,-172,-0.5,-145,0.5,105,2025-11-23 18:30:00+00:00,2025-11-23 09:00:00-08:00,2025-11-23,david
6,263510,2025-11-24T19:45:00.000Z,Sassuolo vs Pisa,Sassuolo -0.5,-105,2,80,Sassuolo home favorite with excellent value at near-even money. Historical success with similar picks,2-1,1,0,0,0,0,0,105,280,220,2.5,125,-160,-0.5,-105,0.5,-135,2025-11-23 18:30:00+00:00,2025-11-24 11:45:00-08:00,2025-11-24,david
7,263501,2025-11-24T20:00:00.000Z,Espanyol vs Sevilla,Espanyol -0.5,-105,1,78,Espanyol home favorite with good value. Sevilla inconsistent away from home,2-1,1,0,0,0,0,0,101,282,235,2.5,116,-147,-0.5,-105,0.5,-135,2025-11-23 18:30:00+00:00,2025-11-24 12:00:00-08:00,2025-11-24,david
8,263518,2025-11-23T19:45:00.000Z,Lille vs Paris FC,Lille -0.5,-175,1,76,Lille strong home favorite (-155 ML) against weaker opposition. Should control match,2-0,1,0,0,0,0,0,-155,400,310,2.5,-147,111,-0.5,-175,0.5,120,2025-11-23 18:30:00+00:00,2025-11-23 11:45:00-08:00,2025-11-23,david
9,263519,2025-11-23T16:15:00.000Z,Brest vs Metz,Brest -0.5,-135,1,74,Brest home favorite (-125 ML) with reasonable spread odds. Metz poor away record,2-1,1,0,0,0,0,0,-125,330,280,2.5,-134,101,-0.5,-135,0.5,-105,2025-11-23 18:30:00+00:00,2025-11-23 08:15:00-08:00,2025-11-23,david
10,281952,2025-11-24T00:45:00.000Z,Union vs NYCFC,Union -0.5,-120,1,72,Union home favorite (-115 ML) in MLS playoff. Home advantage in knockout match,2-1,1,0,0,0,0,0,-115,290,250,2.5,-109,-119,-0.5,-120,0.5,-118,2025-11-23 18:30:00+00:00,2025-11-23 16:45:00-08:00,2025-11-23,david
1,265708,2025-11-26T17:45:00.000Z,Copenhagen vs Kairat Almaty,Copenhagen -1.5,-115,3,96,"Copenhagen is a massive home favorite (-295 ML) against a much weaker opponent. 98% of the money backs them, and the -1.5 spread at -115 is excellent value for a likely blowout.",3-0,1,0,0,0,0,0,-295,750,420,3.5,-165,88,-1.5,-115,1.5,-120,2025-11-23 07:36:57+00:00,2025-11-26 09:45:00-08:00,2025-11-26,gary
2,265700,2025-11-25T20:00:00.000Z,Napoli vs Qarabag,Napoli -1.5,-130,3,95,"Similar to the Copenhagen pick, Napoli is a dominant home favorite (-350 ML) with 97% ticket support. The talent gap suggests a multi-goal victory.",3-0,1,0,0,0,0,0,-350,875,475,3.0,-106,89,-1.5,-130,1.5,-107,2025-11-23 07:36:57+00:00,2025-11-25 12:00:00-08:00,2025-11-25,gary
3,263502,2025-11-23T20:00:00.000Z,Elche vs Real Madrid,Real Madrid -1.5,-105,3,93,Real Madrid is the heavy away favorite (-250 ML) with 100% money support. Getting the -1.5 spread at near even money (-105) is high value given the mismatch.,0-3,0,0,1,0,0,0,575,-250,425,3.5,113,-149,1.5,-143,-1.5,-105,2025-11-23 07:36:57+00:00,2025-11-23 12:00:00-08:00,2025-11-23,gary
4,263509,2025-11-23T17:00:00.000Z,Lazio vs Lecce,Lazio ML,-135,2,88,Lazio is a strong home favorite with 97% ticket support. The ML at -135 is significantly cheaper than the -0.5 spread (-145) for the exact same winning outcome.,2-0,0,1,0,0,0,0,-135,433,240,2.5,133,-172,-0.5,-145,0.5,105,2025-11-23 07:36:57+00:00,2025-11-23 09:00:00-08:00,2025-11-23,gary
5,272227,2025-11-24T20:00:00.000Z,Man U vs Everton,Man U ML,-135,2,87,Man U is backed by 95% of tickets at Old Trafford. The ML (-135) provides better ROI than the -0.5 spread (-150).,2-0,0,1,0,0,0,0,-135,360,280,2.5,-140,95,-0.5,-150,0.5,105,2025-11-23 07:36:57+00:00,2025-11-24 12:00:00-08:00,2025-11-24,gary
6,263518,2025-11-23T19:45:00.000Z,Lille vs Paris FC,Lille ML,-155,2,85,Lille has 97% ticket support. A clear pricing anomaly exists where the ML (-155) offers much better value than the -0.5 spread (-175).,2-0,0,1,0,0,0,0,-155,400,310,2.5,-147,111,-0.5,-175,0.5,120,2025-11-23 07:36:57+00:00,2025-11-23 11:45:00-08:00,2025-11-23,gary
7,263510,2025-11-24T19:45:00.000Z,Sassuolo vs Pisa,Sassuolo ML,105,2,82,Sassuolo is the home favorite with 91% backing. The ML at +105 is mathematically superior to the -0.5 spread at -105.,1-0,0,1,0,0,0,0,105,280,220,2.5,125,-160,-0.5,-105,0.5,-135,2025-11-23 07:36:57+00:00,2025-11-24 11:45:00-08:00,2025-11-24,gary
8,263497,2025-11-23T17:30:00.000Z,Getafe vs Atlético,Atlético ML,-130,1,78,Atlético is the road favorite with 97% support. Taking the ML (-130) avoids the heavier juice on the -0.5 spread (-143).,0-1,0,0,0,1,0,0,420,-130,240,2.5,140,-189,0.5,100,-0.5,-143,2025-11-23 07:36:57+00:00,2025-11-23 09:30:00-08:00,2025-11-23,gary
9,263520,2025-11-23T16:15:00.000Z,Toulouse vs Angers,Toulouse ML,-145,1,77,Toulouse has 95% ticket support at home. ML (-145) is a safer play than the juiced spread (-160).,2-1,0,1,0,0,0,0,-145,433,270,2.5,105,-136,-0.5,-160,0.5,115,2025-11-23 07:36:57+00:00,2025-11-23 08:15:00-08:00,2025-11-23,gary
10,263519,2025-11-23T16:15:00.000Z,Brest vs Metz,Brest ML,-125,1,75,Brest is the home favorite with 92% backing. The ML (-125) offers a 10-cent discount compared to the spread (-135).,1-0,0,1,0,0,0,0,-125,330,280,2.5,-134,101,-0.5,-135,0.5,-105,2025-11-23 07:36:57+00:00,2025-11-23 08:15:00-08:00,2025-11-23,gary
1,265703,2025-11-25T20:00:00.000Z,Man City vs Leverkusen,Man City -1.5,-165,3,92,City massive favorites at home with 98% of bets on City. Historical success with heavy home favorites continues to prove profitable. City need statement European performance.,3-1,1,0,0,0,0,0,-450,1100,550,3.5,-110,-114,-1.5,-165,1.5,130,2025-11-24 20:00:00+00:00,2025-11-25 12:00:00-08:00,2025-11-25,cliff
2,265712,2025-11-26T20:00:00.000Z,Liverpool vs PSV,Liverpool -1.5,-135,3,90,Liverpool dominant at Anfield with 98% tickets and 95% money on Liverpool. PSV weaker opposition traveling to fortress Anfield. Clean line movement toward Liverpool.,3-0,1,0,0,0,0,0,-325,725,500,3.5,-122,-106,-1.5,-135,1.5,-105,2025-11-24 20:00:00+00:00,2025-11-26 12:00:00-08:00,2025-11-26,cliff
3,265710,2025-11-26T20:00:00.000Z,PSG vs Tottenham,PSG -1.5,105,3,88,PSG strong favorites at home with Spurs injury crisis continuing. 98% backing PSG. Plus odds on heavy favorite spread is excellent value opportunity.,3-1,1,0,0,0,0,0,-255,700,400,3.5,120,-157,-1.5,105,1.5,-133,2025-11-24 20:00:00+00:00,2025-11-26 12:00:00-08:00,2025-11-26,cliff
4,265906,2025-11-27T17:45:00.000Z,Aston Villa vs Young Boys,Aston Villa -1.5,-168,2,86,Villa massive favorites hosting Swiss side. 100% of tickets on Villa shows unprecedented consensus. Quality gap enormous in European competition.,3-0,1,0,0,0,0,0,-500,1150,600,3.5,-100,-129,-1.5,-168,1.5,130,2025-11-24 20:00:00+00:00,2025-11-27 09:45:00-08:00,2025-11-27,cliff
5,265699,2025-11-25T17:45:00.000Z,Galatasaray vs Union Saint-Gilloise,Under 3.5,-173,2,84,94% of money on under shows sharp action. Turkish side defensive at home in Europe. Both teams tactical in knockout scenarios with line moved toward under.,2-0,0,0,0,0,0,1,-159,400,330,3.5,125,-173,-0.5,-185,0.5,130,2025-11-24 20:00:00+00:00,2025-11-25 09:45:00-08:00,2025-11-25,cliff
6,272227,2025-11-24T20:00:00.000Z,Man U vs Everton,Man U -0.5,-140,2,82,United at Old Trafford with 91% tickets backing them. Line moved from minus 150 to minus 140 despite public on United showing sharp support. Everton struggling badly.,2-1,1,0,0,0,0,0,-125,320,290,2.5,-141,110,-0.5,-140,0.5,-105,2025-11-24 20:00:00+00:00,2025-11-24 12:00:00-08:00,2025-11-24,cliff
7,265759,2025-11-27T17:45:00.000Z,Porto vs Nice,Porto -1.5,110,2,80,Porto huge favorites at home with 99% of all bets on Porto shows complete consensus. Nice traveling to hostile Porto atmosphere in European knockout stage.,2-0,1,0,0,0,0,0,-239,625,375,2.5,-132,-100,-1.5,110,1.5,-160,2025-11-24 20:00:00+00:00,2025-11-27 09:45:00-08:00,2025-11-27,cliff
8,265708,2025-11-26T17:45:00.000Z,Copenhagen vs Kairat Almaty,Copenhagen -1.5,-115,2,79,Copenhagen massive favorites hosting Kazakhstan side. 98% tickets and 97% money on Copenhagen with talent gap decisive in this matchup.,3-0,1,0,0,0,0,0,-295,760,425,3.5,122,-165,-1.5,-115,1.5,-120,2025-11-24 20:00:00+00:00,2025-11-26 09:45:00-08:00,2025-11-26,cliff
9,265706,2025-11-25T20:00:00.000Z,Dortmund vs Villarreal,Dortmund -0.5,-135,1,76,Dortmund home favorite with 94% backing. Signal Iduna Park fortress in European competition. Villarreal struggling on road with line holding despite public.,2-1,1,0,0,0,0,0,-125,320,280,2.5,-149,115,-0.5,-135,0.5,-105,2025-11-24 20:00:00+00:00,2025-11-25 12:00:00-08:00,2025-11-25,cliff
10,265905,2025-11-27T17:45:00.000Z,Feyenoord vs Celtic,Under 2.5,136,1,74,97% of money on under despite plus odds suggests sharp value. Both defensively organized in big European matches with tactical chess match expected.,1-1,0,0,0,0,0,1,-145,345,320,2.5,-177,136,-0.5,-160,0.5,115,2025-11-24 20:00:00+00:00,2025-11-27 09:45:00-08:00,2025-11-27,cliff
11,265715,2025-11-26T20:00:00.000Z,Arsenal vs Bayern,Under 2.5,110,1,72,Big European clash typically tight with 97% tickets and 93% money on under. Both elite defenses with high stakes knockout atmosphere limiting scoring.,1-1,0,0,0,0,0,1,120,220,250,2.5,-139,110,-0.5,110,0.5,-155,2025-11-24 20:00:00+00:00,2025-11-26 12:00:00-08:00,2025-11-26,cliff
2,265906,2025-11-27T17:45:00.000Z,Aston Villa vs Young Boys,Aston Villa -1.5,-168,3,92,Aston Villa huge home favorite (-500 ML) against weaker European opposition. Should dominate at home,3-0,1,0,0,0,0,0,-500,1150,600,3.5,-100,-129,-1.5,-168,1.5,130,2025-11-24 14:20:00+00:00,2025-11-27 09:45:00-08:00,2025-11-27,david
3,265712,2025-11-26T20:00:00.000Z,Liverpool vs PSV,Liverpool -1.5,-135,3,90,Liverpool strong home favorite (-325 ML) in European competition. Anfield advantage crucial,3-1,1,0,0,0,0,0,-325,725,500,3.5,-122,-106,-1.5,-135,1.5,-105,2025-11-24 14:20:00+00:00,2025-11-26 12:00:00-08:00,2025-11-26,david
4,265708,2025-11-26T17:45:00.000Z,Copenhagen vs Kairat Almaty,Copenhagen -1.5,-115,2,88,Copenhagen heavy home favorite (-295 ML) against weaker opposition. Historical success with similar picks,2-0,1,0,0,0,0,0,-295,760,425,3.5,122,-165,-1.5,-115,1.5,-120,2025-11-24 14:20:00+00:00,2025-11-26 09:45:00-08:00,2025-11-26,david
5,265699,2025-11-25T17:45:00.000Z,Galatasaray vs Union Saint-Gilloise,Galatasaray -0.5,-185,2,85,Galatasaray strong home favorite (-159 ML) in European competition. Home advantage proven valuable,2-0,1,0,0,0,0,0,-159,400,330,3.5,125,-173,-0.5,-185,0.5,130,2025-11-24 14:20:00+00:00,2025-11-25 09:45:00-08:00,2025-11-25,david
7,265905,2025-11-27T17:45:00.000Z,Feyenoord vs Celtic,Feyenoord -0.5,-160,2,81,Feyenoord solid home favorite (-145 ML) in European competition. Strong home form,2-1,1,0,0,0,0,0,-145,345,320,2.5,-177,136,-0.5,-160,0.5,115,2025-11-24 14:20:00+00:00,2025-11-27 09:45:00-08:00,2025-11-27,david
8,263501,2025-11-24T20:00:00.000Z,Espanyol vs Sevilla,Espanyol -0.5,-110,1,78,Espanyol home favorite with good value. Sevilla inconsistent away from home,2-1,1,0,0,0,0,0,100,290,236,2.5,109,-140,-0.5,-110,0.5,-130,2025-11-24 14:20:00+00:00,2025-11-24 12:00:00-08:00,2025-11-24,david
9,272227,2025-11-24T20:00:00.000Z,Man U vs Everton,Man U -0.5,-140,1,76,Man U home favorite (-125 ML) with reasonable spread odds. Home advantage at Old Trafford,2-1,1,0,0,0,0,0,-125,320,290,2.5,-141,110,-0.5,-140,0.5,-105,2025-11-24 14:20:00+00:00,2025-11-24 12:00:00-08:00,2025-11-24,david
10,265904,2025-11-27T17:45:00.000Z,Lille vs Zagreb,Lille -0.5,-175,1,74,Lille strong home favorite (-163 ML) in European competition. Should control match,2-0,1,0,0,0,0,0,-163,400,320,2.5,-155,117,-0.5,-175,0.5,130,2025-11-24 14:20:00+00:00,2025-11-27 09:45:00-08:00,2025-11-27,david
1,265904,2025-11-27T17:45:00.000Z,Lille vs Zagreb,Lille ML,-163,3,94,Pricing Anomaly: Lille is a strong home favorite (-0.5 spread at -175). The ML is significantly cheaper at -163 for the exact same winning condition. 99% money support.,2-0,0,1,0,0,0,0,-163,400,320,2.5,-155,117,-0.5,-175,0.5,130,2025-11-24 09:39:10+00:00,2025-11-27 09:45:00-08:00,2025-11-27,gary
2,265905,2025-11-27T17:45:00.000Z,Feyenoord vs Celtic,Feyenoord ML,-145,3,92,"Pricing Anomaly: Similar to Lille, Feyenoord's ML (-145) provides better value than the -0.5 spread (-160). 93% of capital backs the home side.",2-1,0,1,0,0,0,0,-145,345,320,2.5,-177,136,-0.5,-160,0.5,115,2025-11-24 09:39:10+00:00,2025-11-27 09:45:00-08:00,2025-11-27,gary
3,265759,2025-11-27T17:45:00.000Z,Porto vs Nice,Porto -1.5,110,3,90,Porto is a massive home favorite (-239 ML) with 99% money support. The -1.5 spread at plus money (+110) offers immense value for a likely multi-goal win.,3-0,1,0,0,0,0,0,-239,625,375,2.5,-132,-100,-1.5,110,1.5,-160,2025-11-24 09:39:10+00:00,2025-11-27 09:45:00-08:00,2025-11-27,gary
4,265903,2025-11-27T17:45:00.000Z,Ludogorets vs Celta Vigo,Celta Vigo ML,-135,2,88,"Celta is the road favorite with 98% money support. The ML (-135) is cheaper than the -0.5 spread (-145), making it the mathematically correct play.",0-2,0,0,0,1,0,0,390,-135,260,2.5,-103,-126,0.5,105,-0.5,-145,2025-11-24 09:39:10+00:00,2025-11-27 09:45:00-08:00,2025-11-27,gary
5,265906,2025-11-27T17:45:00.000Z,Aston Villa vs Young Boys,Aston Villa -1.5,-168,2,86,Villa is a heavy favorite (-500 ML) with 99% backing. The market fully expects a blowout at Villa Park.,3-1,1,0,0,0,0,0,-500,1150,600,3.5,-100,-129,-1.5,-168,1.5,130,2025-11-24 09:39:10+00:00,2025-11-27 09:45:00-08:00,2025-11-27,gary
6,265712,2025-11-26T20:00:00.000Z,Liverpool vs PSV,Liverpool -1.5,-135,2,85,Liverpool is dominant at Anfield (-325 ML) and 95% of the money is on them. The -1.5 line is the standard play here.,3-1,1,0,0,0,0,0,-325,725,500,3.5,-122,-106,-1.5,-135,1.5,-105,2025-11-24 09:39:10+00:00,2025-11-26 12:00:00-08:00,2025-11-26,gary
7,265709,2025-11-26T20:00:00.000Z,Sporting vs Brugge,Sporting ML,-147,2,83,Home favorite backed by 80% of money. Taking the ML (-147) saves juice compared to the -0.5 spread (-155).,2-1,0,1,0,0,0,0,-147,375,310,3.5,130,-168,-0.5,-155,0.5,120,2025-11-24 09:39:10+00:00,2025-11-26 12:00:00-08:00,2025-11-26,gary
8,265710,2025-11-26T20:00:00.000Z,PSG vs Tottenham,PSG -1.5,105,1,78,PSG (-255 ML) is expected to control this game. Getting the spread at +105 with 98% money support is a solid value play.,3-1,1,0,0,0,0,0,-255,700,400,3.5,120,-157,-1.5,105,1.5,-133,2025-11-24 09:39:10+00:00,2025-11-26 12:00:00-08:00,2025-11-26,gary
9,265711,2025-11-26T20:00:00.000Z,Olympiacos vs Real Madrid,Real Madrid -1.5,-102,1,77,"Real Madrid is a road juggernaut (-250 ML). The spread is essentially even money (-102), and 99% of tickets are fading the hosts.",0-2,0,0,1,0,0,0,600,-250,410,3.5,120,95,1.5,-140,-1.5,-102,2025-11-24 09:39:10+00:00,2025-11-26 12:00:00-08:00,2025-11-26,gary
10,265760,2025-11-27T17:45:00.000Z,Roma vs Midtjylland,Roma -1.5,115,1,75,Roma needs to capitalize at home. Plus money (+115) on the -1.5 line is attractive against a weaker visitor.,2-0,1,0,0,0,0,0,-220,550,370,2.5,-165,95,-1.5,115,1.5,-165,2025-11-24 09:39:10+00:00,2025-11-27 09:45:00-08:00,2025-11-27,gary
1,265712,2025-11-26T20:00:00.000Z,Liverpool vs PSV,Liverpool -1.5,-155,3,91,Liverpool at Anfield hosting weak PSV with 91% tickets and 82% money on Liverpool despite line moving against public. Anfield fortress more reliable than neutral European venues.,3-0,1,0,0,0,0,0,-375,850,575,3.5,-144,112,-1.5,-155,1.5,110,2025-11-26 20:00:00+00:00,2025-11-26 12:00:00-08:00,2025-11-26,cliff
2,265906,2025-11-27T17:45:00.000Z,Aston Villa vs Young Boys,Aston Villa -1.5,-166,3,89,Villa massive favorites with 100% consensus backing them. Young Boys extremely weak opposition from Switzerland. Most lopsided matchup on slate with clear talent gap.,3-0,1,0,0,0,0,0,-500,1100,600,3.5,-100,-124,-1.5,-166,1.5,130,2025-11-26 20:00:00+00:00,2025-11-27 09:45:00-08:00,2025-11-27,cliff
3,265907,2025-11-27T20:00:00.000Z,Nottingham vs Malmo,Nottingham -1.5,-165,3,87,Nottingham huge favorites at home with 100% of tickets backing them against inferior Swedish side. Malmo traveling to England with clean line at minus 165.,3-0,1,0,0,0,0,0,-450,1200,550,3.5,130,-172,-1.5,-165,1.5,120,2025-11-26 20:00:00+00:00,2025-11-27 12:00:00-08:00,2025-11-27,cliff
4,265708,2025-11-26T17:45:00.000Z,Copenhagen vs Kairat Almaty,Copenhagen -1.5,-120,2,85,Copenhagen dominant hosting Kazakhstan side with line moved from minus 115 to minus 120 showing sharp action. 95% tickets and 90% money on Copenhagen.,3-0,1,0,0,0,0,0,-325,900,450,2.5,-142,111,-1.5,-120,1.5,-115,2025-11-26 20:00:00+00:00,2025-11-26 09:45:00-08:00,2025-11-26,cliff
5,265710,2025-11-26T20:00:00.000Z,PSG vs Tottenham,PSG -1.5,105,2,83,PSG home favorites vs injury depleted Spurs with 95% backing PSG. Plus odds on favorite spread offers value opportunity after line movement from 110 to 105.,2-0,1,0,0,0,0,0,-240,625,400,2.5,-170,131,-1.5,105,1.5,-145,2025-11-26 20:00:00+00:00,2025-11-26 12:00:00-08:00,2025-11-26,cliff
6,265759,2025-11-27T17:45:00.000Z,Porto vs Nice,Porto -1.5,110,2,81,Porto massive home favorites with 99% consensus backing them. Nice traveling from France to Portugal. Plus odds on overwhelming favorite provides value.,2-0,1,0,0,0,0,0,-244,600,380,2.5,-130,101,-1.5,110,1.5,-160,2025-11-26 20:00:00+00:00,2025-11-27 09:45:00-08:00,2025-11-27,cliff
7,265765,2025-11-27T20:00:00.000Z,Betis vs FC Utrecht,Betis -1.5,-110,2,79,Betis strong favorites at home with 100% tickets and 99% money backing them. Utrecht significant underdog traveling from Netherlands with clear quality gap.,2-0,1,0,0,0,0,0,-275,700,410,2.5,-150,120,-1.5,-110,1.5,-130,2025-11-26 20:00:00+00:00,2025-11-27 12:00:00-08:00,2025-11-27,cliff
8,265910,2025-11-27T20:00:00.000Z,Bologna vs Red Bull,Bologna -1.5,105,1,76,Bologna home favorites in European competition with 98% tickets and 96% money on Bologna showing sharp consensus. Line stable showing confidence.,2-0,1,0,0,0,0,0,-250,650,375,2.5,-140,110,-1.5,105,1.5,-145,2025-11-26 20:00:00+00:00,2025-11-27 12:00:00-08:00,2025-11-27,cliff
9,265905,2025-11-27T17:45:00.000Z,Feyenoord vs Celtic,Feyenoord -0.5,-152,1,74,Feyenoord home favorites with 95% backing and Celtic traveling to Rotterdam. Smaller spread more conservative strategy after recent upsets on larger spreads.,2-1,1,0,0,0,0,0,-138,320,320,2.5,-175,134,-0.5,-152,0.5,110,2025-11-26 20:00:00+00:00,2025-11-27 09:45:00-08:00,2025-11-27,cliff
10,265715,2025-11-26T20:00:00.000Z,Arsenal vs Bayern,Under 2.5,110,1,72,Big Champions League clash with 96% money on under despite plus odds suggesting sharp value. Both elite defenses in high stakes environment limits goals.,1-1,0,0,0,0,0,1,110,250,250,2.5,-134,110,-0.5,100,0.5,-145,2025-11-26 20:00:00+00:00,2025-11-26 12:00:00-08:00,2025-11-26,cliff
11,265818,2025-11-28T19:45:00.000Z,Como 1907 vs Sassuolo,Como 1907 -0.5,-175,1,70,Como strong home favorites with 97% tickets and 93% money backing them. Sassuolo struggling in domestic Serie B matchup with quality edge clear.,2-0,1,0,0,0,0,0,-156,450,285,2.5,-108,-119,-0.5,-175,0.5,120,2025-11-26 20:00:00+00:00,2025-11-28 11:45:00-08:00,2025-11-28,cliff
1,265906,2025-11-27T17:45:00.000Z,Aston Villa vs Young Boys,Aston Villa -1.5,-166,3,92,Aston Villa massive home favorite (-500 ML) against weaker European opposition. Strong home record in Europe,3-0,1,0,0,0,0,0,-500,1100,600,3.5,-100,-124,-1.5,-166,1.5,130,2025-11-26 16:45:00+00:00,2025-11-27 09:45:00-08:00,2025-11-27,david
2,265712,2025-11-26T20:00:00.000Z,Liverpool vs PSV,Liverpool -1.5,-155,3,90,Liverpool strong home favorite (-375 ML) at Anfield. European home dominance historically reliable,3-0,1,0,0,0,0,0,-375,850,575,3.5,-144,112,-1.5,-155,1.5,110,2025-11-26 16:45:00+00:00,2025-11-26 12:00:00-08:00,2025-11-26,david
3,265907,2025-11-27T20:00:00.000Z,Nottingham vs Malmo,Nottingham -1.5,-165,3,88,Nottingham huge home favorite (-450 ML) against weaker opposition. Should dominate at home,3-1,1,0,0,0,0,0,-450,1200,550,3.5,130,-172,-1.5,-165,1.5,120,2025-11-26 16:45:00+00:00,2025-11-27 12:00:00-08:00,2025-11-27,david
4,265759,2025-11-27T17:45:00.000Z,Porto vs Nice,Porto -1.5,110,2,85,Porto strong home favorite (-244 ML) with plus money value on spread. Excellent value opportunity,2-0,1,0,0,0,0,0,-244,600,380,2.5,-130,101,-1.5,110,1.5,-160,2025-11-26 16:45:00+00:00,2025-11-27 09:45:00-08:00,2025-11-27,david
5,265758,2025-11-27T17:45:00.000Z,Fenerbahce vs Ferencvaros,Fenerbahce -1.5,152,2,83,Fenerbahce strong home favorite (-182 ML) getting plus money. Turkish home advantage significant,3-1,1,0,0,0,0,0,-182,450,340,2.5,-157,120,-1.5,152,1.5,-190,2025-11-26 16:45:00+00:00,2025-11-27 09:45:00-08:00,2025-11-27,david
6,265760,2025-11-27T17:45:00.000Z,Roma vs Midtjylland,Roma -1.5,120,2,81,Roma solid home favorite (-210 ML) with plus money value. Should control match at home,2-0,1,0,0,0,0,0,-210,529,360,2.5,-160,122,-1.5,120,1.5,-165,2025-11-26 16:45:00+00:00,2025-11-27 09:45:00-08:00,2025-11-27,david
8,265908,2025-11-27T20:00:00.000Z,Genk vs Basel,Genk -0.5,-118,1,76,Genk home favorite (-110 ML) with reasonable odds. Home advantage in Belgium,2-1,1,0,0,0,0,0,-110,250,290,2.5,-167,130,-0.5,-118,0.5,-120,2025-11-26 16:45:00+00:00,2025-11-27 12:00:00-08:00,2025-11-27,david
9,265762,2025-11-27T20:00:00.000Z,PAN vs Sturm Graz,PAN -0.5,-165,1,74,PAN home favorite (-145 ML) with solid home record. Should control match,2-0,1,0,0,0,0,0,-145,425,280,2.5,-114,-114,-0.5,-165,0.5,115,2025-11-26 16:45:00+00:00,2025-11-27 12:00:00-08:00,2025-11-27,david
10,265765,2025-11-27T20:00:00.000Z,Betis vs FC Utrecht,Betis -1.5,-110,1,72,Betis strong home favorite (-275 ML) with reasonable spread odds. Quality difference clear,2-0,1,0,0,0,0,0,-275,700,410,2.5,-150,120,-1.5,-110,1.5,-130,2025-11-26 16:45:00+00:00,2025-11-27 12:00:00-08:00,2025-11-27,david
1,265818,2025-11-28T19:45:00.000Z,Como 1907 vs Sassuolo,Como 1907 ML,-156,3,94,Pricing Anomaly: Como is the home favorite. The Money Line (-156) is significantly cheaper than the -0.5 Spread (-175) for the exact same winning condition.,1-0,0,1,0,0,0,0,-156,450,285,2.5,-108,-119,-0.5,-175,0.5,120,2025-11-26 09:39:52-08:00,2025-11-28 11:45:00-08:00,2025-11-28,gary
2,265907,2025-11-27T20:00:00.000Z,Nottingham vs Malmo,Nottingham -1.5,-165,3,92,Nottingham is a massive home favorite (-450 ML) with 100% ticket support. The -1.5 spread is the standard play for such a mismatch.,3-0,1,0,0,0,0,0,-450,1200,550,3.5,-172,130,-1.5,-165,1.5,120,2025-11-26 09:39:52-08:00,2025-11-27 12:00:00-08:00,2025-11-27,gary
3,265906,2025-11-27T17:45:00.000Z,Aston Villa vs Young Boys,Aston Villa -1.5,-166,3,91,"Similar to Nottingham, Villa is a dominant favorite (-500 ML). The market expects a comfortable multi-goal victory at home.",3-0,1,0,0,0,0,0,-500,1100,600,3.5,-100,-124,-1.5,-166,1.5,130,2025-11-26 09:39:52-08:00,2025-11-27 09:45:00-08:00,2025-11-27,gary
4,265829,2025-11-28T19:45:00.000Z,Metz vs Rennes,Rennes ML,-101,2,88,Pricing Anomaly: Rennes is the road favorite. Their ML at near even money (-101) offers better value than the -0.5 spread (-110).,0-1,0,0,0,1,0,0,260,-101,270,2.5,-141,111,-0.5,-110,0.5,-130,2025-11-26 09:39:52-08:00,2025-11-28 11:45:00-08:00,2025-11-28,gary
5,265908,2025-11-27T20:00:00.000Z,Genk vs Basel,Genk ML,-110,2,86,Pricing Anomaly: Genk is the home favorite. The ML (-110) provides an 8-cent discount compared to the -0.5 spread (-118).,2-1,0,1,0,0,0,0,-110,250,290,2.5,-167,130,-0.5,-118,0.5,-120,2025-11-26 09:39:52-08:00,2025-11-27 12:00:00-08:00,2025-11-27,gary
6,265905,2025-11-27T17:45:00.000Z,Feyenoord vs Celtic,Feyenoord ML,-138,2,85,Pricing Anomaly: Feyenoord is backed by 97% of tickets. The ML (-138) is mathematically superior to the -0.5 spread (-152).,2-1,0,1,0,0,0,0,-138,320,320,2.5,-175,134,-0.5,-152,0.5,110,2025-11-26 09:39:52-08:00,2025-11-27 09:45:00-08:00,2025-11-27,gary
7,265763,2025-11-27T20:00:00.000Z,Maccabi vs Lyon,Lyon ML,-131,2,83,Pricing Anomaly: Lyon is the road favorite. Taking the ML (-131) saves juice compared to the -0.5 spread (-135).,1-2,0,0,0,1,0,0,336,-131,282,2.5,-115,-109,0.5,-105,-0.5,-135,2025-11-26 09:39:52-08:00,2025-11-27 12:00:00-08:00,2025-11-27,gary
8,265903,2025-11-27T17:45:00.000Z,Ludogorets vs Celta Vigo,Celta Vigo ML,-135,2,82,Pricing Anomaly: Celta is the favorite on the road. The ML (-135) is 10 cents cheaper than the spread (-145).,0-2,0,0,0,1,0,0,380,-135,270,2.5,-100,-125,0.5,105,-0.5,-145,2025-11-26 09:39:52-08:00,2025-11-27 09:45:00-08:00,2025-11-27,gary
9,265765,2025-11-27T20:00:00.000Z,Betis vs FC Utrecht,Betis -1.5,-110,1,79,Betis is a strong home favorite (-275 ML) with 100% support. The -1.5 spread at -110 is excellent value.,2-0,1,0,0,0,0,0,-275,700,410,2.5,-150,120,-1.5,-110,1.5,-130,2025-11-26 09:39:52-08:00,2025-11-27 12:00:00-08:00,2025-11-27,gary
10,265910,2025-11-27T20:00:00.000Z,Bologna vs Red Bull,Bologna -1.5,105,1,77,Bologna (-250 ML) is expected to win. Getting plus money (+105) on the -1.5 spread offers high upside.,2-0,1,0,0,0,0,0,-250,650,375,2.5,-140,110,-1.5,105,1.5,-145,2025-11-26 09:39:52-08:00,2025-11-27 12:00:00-08:00,2025-11-27,gary
1,265758,2025-11-27T17:45:00.000Z,Fenerbahce vs Ferencvaros,Fenerbahce -1.5,152,3,95,"Historical ROI for favorite spreads with positive odds is 57%, favoring value on favorite spreads.",3-0,1,0,0,0,0,0,-182,450,340,2.5,-157,120,-1.5,152,1.5,-190,2025-11-26 17:00:00+00:00,2025-11-27 09:45:00-08:00,2025-11-27,grover
2,265757,2025-11-27T17:45:00.000Z,PAOK vs Brann,PAOK -1.5,150,3,92,"Historical ROI for favorite spreads with positive odds is 57%, favoring value on favorite spreads.",3-1,1,0,0,0,0,0,-182,487,333,2.5,-144,112,-1.5,150,1.5,-192,2025-11-26 17:00:00+00:00,2025-11-27 09:45:00-08:00,2025-11-27,grover
3,265904,2025-11-27T17:45:00.000Z,Lille vs Zagreb,Lille -1.5,135,3,90,"Historical ROI for favorite spreads with positive odds is 57%, favoring value on favorite spreads.",3-0,1,0,0,0,0,0,-189,475,345,2.5,-152,119,-1.5,135,1.5,-190,2025-11-26 17:00:00+00:00,2025-11-27 09:45:00-08:00,2025-11-27,grover
4,265909,2025-11-27T20:00:00.000Z,Go Ahead Eagles vs Stuttgart,Stuttgart -1.5,130,2,88,"Historical ROI for favorite spreads with positive odds is 57%, favoring value on favorite spreads.",0-3,0,0,1,0,0,0,500,-200,360,2.5,-185,138,1.5,-182,-1.5,130,2025-11-26 17:00:00+00:00,2025-11-27 12:00:00-08:00,2025-11-27,grover
5,265764,2025-11-27T20:00:00.000Z,Belgrade vs Steaua,Belgrade -1.5,125,2,85,"Historical ROI for favorite spreads with positive odds is 57%, favoring value on favorite spreads.",3-1,1,0,0,0,0,0,-204,520,350,2.5,-147,115,-1.5,125,1.5,-182,2025-11-26 17:00:00+00:00,2025-11-27 12:00:00-08:00,2025-11-27,grover
6,265760,2025-11-27T17:45:00.000Z,Roma vs Midtjylland,Roma -1.5,120,2,85,"Historical ROI for favorite spreads with positive odds is 57%, favoring value on favorite spreads.",3-1,1,0,0,0,0,0,-210,529,360,2.5,-160,122,-1.5,120,1.5,-165,2025-11-26 17:00:00+00:00,2025-11-27 09:45:00-08:00,2025-11-27,grover
7,265756,2025-11-27T17:45:00.000Z,Viktoria vs Freiburg,Freiburg -0.5,110,2,82,"Historical ROI for favorite spreads with positive odds is 57%, favoring value on favorite spreads.",0-2,0,0,1,0,0,0,220,125,240,2.5,-104,-121,0.5,-160,-0.5,110,2025-11-26 17:00:00+00:00,2025-11-27 09:45:00-08:00,2025-11-27,grover
8,265759,2025-11-27T17:45:00.000Z,Porto vs Nice,Porto -1.5,110,2,82,"Historical ROI for favorite spreads with positive odds is 57%, favoring value on favorite spreads.",3-1,1,0,0,0,0,0,-244,600,380,2.5,-130,101,-1.5,110,1.5,-160,2025-11-26 17:00:00+00:00,2025-11-27 09:45:00-08:00,2025-11-27,grover
9,265761,2025-11-27T20:00:00.000Z,Rangers vs Braga,Braga -0.5,115,2,80,"Historical ROI for favorite spreads with positive odds is 57%, favoring value on favorite spreads.",1-2,0,0,1,0,0,0,220,125,240,2.5,-110,-115,0.5,-160,-0.5,115,2025-11-26 17:00:00+00:00,2025-11-27 12:00:00-08:00,2025-11-27,grover
10,265910,2025-11-27T20:00:00.000Z,Bologna vs Red Bull,Bologna -1.5,105,2,80,"Historical ROI for favorite spreads with positive odds is 57%, favoring value on favorite spreads.",3-1,1,0,0,0,0,0,-250,650,375,2.5,-140,110,-1.5,105,1.5,-145,2025-11-26 17:00:00+00:00,2025-11-27 12:00:00-08:00,2025-11-27,grover
1,265811,2025-11-29T13:00:00.000Z,Mallorca vs Osasuna,Mallorca -0.5,120,3,92,"Home team with moderate spread, strong home advantage, historical success with -0.5 spreads",2-0,1,0,0,0,0,0,131,240,202,2.5,143,-186,-0.5,120,0.5,-185,2025-11-29 10:00:00+00:00,2025-11-29 05:00:00-08:00,2025-11-29,david
2,265819,2025-11-29T14:00:00.000Z,Genoa vs Hellas,Genoa -0.5,-102,2,85,"Home favorite at reasonable odds, Hellas poor away form",2-1,1,0,0,0,0,0,105,320,190,1.5,-190,141,-0.5,-102,0.5,-135,2025-11-29 10:00:00+00:00,2025-11-29 06:00:00-08:00,2025-11-29,david
3,265619,2025-11-29T14:30:00.000Z,Union Berlin vs Heidenheim,Union Berlin -0.5,-160,2,82,"Strong home favorite, Heidenheim weak away record",2-0,1,0,0,0,0,0,-150,400,285,2.5,-115,-113,-0.5,-160,1.0,120,2025-11-29 10:00:00+00:00,2025-11-29 06:30:00-08:00,2025-11-29,david
4,265828,2025-11-30T14:00:00.000Z,Strasbourg vs Brest,Strasbourg -0.5,-135,2,81,"Home advantage, Brest inconsistent on road",1-0,1,0,0,0,0,0,-120,320,275,2.5,-140,108,-0.5,-135,0.5,-110,2025-11-29 10:00:00+00:00,2025-11-30 06:00:00-08:00,2025-11-30,david
5,265832,2025-11-29T18:00:00.000Z,Paris FC vs Auxerre,Paris FC -0.5,-135,1,78,"Home team favored, Auxerre struggles away",2-1,1,0,0,0,0,0,-120,320,270,2.5,-121,-107,-0.5,-135,0.5,-105,2025-11-29 10:00:00+00:00,2025-11-29 10:00:00-08:00,2025-11-29,david
6,265608,2025-11-29T20:00:00.000Z,Tottenham vs Fulham,Tottenham -0.5,110,1,76,"Home advantage, Fulham poor away form",2-1,1,0,0,0,0,0,125,225,230,2.5,-104,-120,-0.5,110,0.5,-160,2025-11-29 10:00:00+00:00,2025-11-29 12:00:00-08:00,2025-11-29,david
7,265615,2025-11-29T15:00:00.000Z,Brentford vs Burnley,Burnley +1.5,-175,1,75,"Road underdog getting +1.5, Burnley competitive",1-1,0,0,1,0,0,0,-220,600,360,2.5,-128,-100,1.5,-175,-1.5,120,2025-11-29 10:00:00+00:00,2025-11-29 07:00:00-08:00,2025-11-29,david
8,265609,2025-11-29T15:00:00.000Z,Sunderland vs Bournemouth,Sunderland +0.5,-175,1,74,"Home underdog getting +0.5, value pick",1-1,1,0,0,0,0,0,210,135,230,2.5,-101,-125,0.5,-175,-0.5,120,2025-11-29 10:00:00+00:00,2025-11-29 07:00:00-08:00,2025-11-29,david
9,265612,2025-11-29T17:30:00.000Z,Everton vs Newcastle,Everton +0.5,-200,1,72,Home underdog with spread protection,1-2,1,0,0,0,0,0,175,162,230,2.5,101,-125,0.5,-200,-0.5,140,2025-11-29 10:00:00+00:00,2025-11-29 09:30:00-08:00,2025-11-29,david
10,265807,2025-11-29T17:30:00.000Z,Levante vs Athletic,Levante +0.5,105,1,70,"Home underdog getting +0.5, Athletic inconsistent away",1-1,1,0,0,0,0,0,235,120,230,2.5,106,-136,0.5,-155,-0.5,110,2025-11-29 10:00:00+00:00,2025-11-29 09:30:00-08:00,2025-11-29,david
1,265619,2025-11-29T14:30:00.000Z,Union Berlin vs Heidenheim,Union Berlin ML,-150,3,94,Pricing Anomaly: Union Berlin is the home favorite. The Money Line (-150) is cheaper than the -0.5 Spread (-160) for the exact same winning outcome.,2-1,0,1,0,0,0,0,-150,400,285,2.5,-115,-113,-0.5,-160,1.0,120,2025-11-28 16:03:00-08:00,2025-11-29 06:30:00-08:00,2025-11-29,gary
2,265832,2025-11-29T18:00:00.000Z,Paris FC vs Auxerre,Paris FC ML,-120,3,92,Pricing Anomaly: Paris FC is the home favorite. The ML (-120) offers a significant 15-cent discount compared to the -0.5 spread (-135).,1-0,0,1,0,0,0,0,-120,320,270,2.5,-121,-107,-0.5,-135,0.5,-105,2025-11-28 16:03:00-08:00,2025-11-29 10:00:00-08:00,2025-11-29,gary
3,265821,2025-11-29T19:45:00.000Z,Milan vs Lazio,Milan ML,-160,3,91,Pricing Anomaly: Milan is a strong home favorite. The ML (-160) is mathematically superior to the -0.5 spread (-175).,2-0,0,1,0,0,0,0,-160,475,280,2.5,110,-139,-0.5,-175,0.5,125,2025-11-28 16:03:00-08:00,2025-11-29 11:45:00-08:00,2025-11-29,gary
4,265828,2025-11-29T14:00:00.000Z,Strasbourg vs Brest,Strasbourg ML,-120,2,88,Pricing Anomaly: Strasbourg is the home favorite. Taking the ML (-120) saves 15 cents of juice compared to the spread (-135).,1-0,0,1,0,0,0,0,-120,320,275,2.5,-140,108,-0.5,-135,0.5,-110,2025-11-28 16:03:00-08:00,2025-11-29 06:00:00-08:00,2025-11-29,gary
5,265826,2025-11-29T16:00:00.000Z,Monaco vs PSG,PSG ML,-170,2,87,Pricing Anomaly: PSG is the away favorite. Their ML (-170) is better value than the -0.5 spread (-185) with 99% money support.,1-3,0,0,0,1,0,0,400,-170,350,3.5,105,-136,0.5,130,-0.5,-185,2025-11-28 16:03:00-08:00,2025-11-29 08:00:00-08:00,2025-11-29,gary
6,265625,2025-11-29T14:30:00.000Z,Bayern vs St Pauli,Bayern -2.5,-126,2,85,"Bayern is a massive home favorite (-909 ML) with 100% money support. The talent gap is enormous, making the -2.5 cover highly probable.",4-0,1,0,0,0,0,0,-909,2000,900,3.5,-147,119,-2.5,-126,2.5,-110,2025-11-28 16:03:00-08:00,2025-11-29 06:30:00-08:00,2025-11-29,gary
7,265808,2025-11-29T15:15:00.000Z,Barcelona vs Alaves,Barcelona -2.0,-115,2,84,"Barcelona is dominant at home (-475 ML). The -2.0 Asian Handicap offers push protection on a 2-goal win, providing safety.",4-0,1,0,0,0,0,0,-475,1124,600,3.5,-103,-120,-2.0,-115,2.0,-120,2025-11-28 16:03:00-08:00,2025-11-29 07:15:00-08:00,2025-11-29,gary
8,265819,2025-11-29T14:00:00.000Z,Genoa vs Hellas,Genoa ML,105,2,82,Pricing Anomaly: Genoa is the home favorite. The ML at +105 offers plus-money value while the spread is priced at -102.,1-0,0,1,0,0,0,0,105,320,190,1.5,-190,141,-0.5,-102,0.5,-135,2025-11-28 16:03:00-08:00,2025-11-29 06:00:00-08:00,2025-11-29,gary
9,265611,2025-11-29T15:00:00.000Z,Man City vs Leeds,Man City -1.5,-155,1,80,Man City (-400 ML) is expected to dominate at the Etihad. 99% of the money is backing them to win comfortably.,3-0,1,0,0,0,0,0,-400,1050,525,3.5,124,-168,-1.5,-155,1.5,110,2025-11-28 16:03:00-08:00,2025-11-29 07:00:00-08:00,2025-11-29,gary
10,265823,2025-11-30T14:00:00.000Z,Pisa vs Inter,Inter -1.5,-110,1,78,Inter is the superior team facing a weaker Pisa side. The -1.5 spread at -110 is a standard value play for a top-tier mismatch.,0-2,0,0,1,0,0,0,774,-303,410,2.5,-138,107,1.5,-133,-1.5,-110,2025-11-28 16:03:00-08:00,2025-11-30 06:00:00-08:00,2025-11-30,gary
1,265616,2025-11-30T14:05:00.000Z,Aston Villa vs Wolverhampton,Aston Villa -1.5,130,3,94,Best remaining -1.5 home favorite at +money after yesterday’s bloodbath,3-0,1,0,0,0,0,0,-200,525,335,2.5,-125,-103,-1.5,130,1.5,-182,2025-11-29 10:00:00+00:00,2025-11-30 06:05:00-08:00,2025-11-30,grover
2,265814,2025-11-29T20:00:00.000Z,Atlético vs Real Oviedo,Atlético -1.5,-155,3,92,Only -1.5 home favorite with acceptable juice,3-0,1,0,0,0,0,0,-450,1300,520,2.5,-147,116,-1.5,-155,1.5,110,2025-11-29 10:00:00+00:00,2025-11-29 12:00:00-08:00,2025-11-29,grover
3,265625,2025-11-29T14:30:00.000Z,Bayern vs St Pauli,Bayern -2.5,-126,3,91,"Bayern scoring for fun, St Pauli terrible; -126 playable",4-0,1,0,0,0,0,0,-909,2000,900,3.5,-147,119,-2.5,-126,2.5,-110,2025-11-29 10:00:00+00:00,2025-11-29 06:30:00-08:00,2025-11-29,grover
4,265825,2025-11-29T20:05:00.000Z,Marseille vs Toulouse,Marseille -1,-125,3,90,Line moved to -1 at very playable juice,2-0,1,0,0,0,0,0,-190,500,320,2.5,-132,100,-1.0,-125,1.0,-110,2025-11-29 10:00:00+00:00,2025-11-29 12:05:00-08:00,2025-11-29,grover
5,265611,2025-11-29T15:00:00.000Z,Man City vs Leeds,Man City -1.5,-155,2,87,Biggest class gap remaining,3-1,1,0,0,0,0,0,-400,1050,525,3.5,124,-168,-1.5,-155,1.5,110,2025-11-29 10:00:00+00:00,2025-11-29 07:00:00-08:00,2025-11-29,grover
6,265615,2025-11-29T15:00:00.000Z,Brentford vs Burnley,Brentford -1.5,120,2,86,Still +120 on -1.5 at home – rare value,3-1,1,0,0,0,0,0,-220,600,360,2.5,-128,-100,-1.5,120,1.5,-175,2025-11-29 10:00:00+00:00,2025-11-29 07:00:00-08:00,2025-11-29,grover
7,265815,2025-11-29T17:00:00.000Z,Juventus vs Cagliari,Juventus -1.5,-102,2,84,Almost pick’em price on -1.5 vs worst attack,3-0,1,0,0,0,0,0,-294,875,410,2.5,-111,-112,-1.5,-102,1.5,-133,2025-11-29 10:00:00+00:00,2025-11-29 09:00:00-08:00,2025-11-29,grover
8,282400,2025-11-29T23:00:00.000Z,Inter Miami vs NYCFC,Inter Miami -1.5,125,2,83,MLS playoff – Miami with Messi huge edge +125,3-1,1,0,0,0,0,0,-192,425,360,3.5,105,-129,-1.5,125,1.5,-167,2025-11-29 10:00:00+00:00,2025-11-29 15:00:00-08:00,2025-11-29,grover
9,265821,2025-11-29T19:45:00.000Z,Milan vs Lazio,Milan -0.5,-175,2,81,Reduced to PK at -175 – strongest home side left,2-0,1,0,0,0,0,0,-160,475,280,2.5,110,-139,-0.5,-175,0.5,125,2025-11-29 10:00:00+00:00,2025-11-29 11:45:00-08:00,2025-11-29,grover
10,265619,2025-11-29T14:30:00.000Z,Union Berlin vs Heidenheim,Union Berlin -0.5,-160,1,78,Solid home side vs poor traveler,1-0,1,0,0,0,0,0,-150,400,285,2.5,-115,-113,-0.5,-160,1.0,120,2025-11-29 10:00:00+00:00,2025-11-29 06:30:00-08:00,2025-11-29,grover
1,265814,2025-11-29T20:00:00.000Z,Atlético vs Real Oviedo,Atlético -1.5,-155,3,91,Atlético massive favorites hosting third tier side in Copa del Rey with 100% consensus backing. Quality gap enormous with Oviedo from Segunda B division.,3-0,1,0,0,0,0,0,-450,1200,525,2.5,-175,132,-1.5,-155,1.5,110,2025-11-29 20:00:00+00:00,2025-11-29 12:00:00-08:00,2025-11-29,cliff
2,265815,2025-11-29T17:00:00.000Z,Juventus vs Cagliari,Juventus -1.5,-145,3,89,Juventus dominant at home with 99% backing and line moved from minus 102 to minus 145 showing sharp money. Cagliari struggling defensively on the road.,3-0,1,0,0,0,0,0,-400,1000,500,2.5,-161,125,-1.5,-145,1.5,100,2025-11-29 20:00:00+00:00,2025-11-29 09:00:00-08:00,2025-11-29,cliff
3,265821,2025-11-29T19:45:00.000Z,Milan vs Lazio,Milan -0.5,-165,2,86,Milan home favorites with 97% tickets backing them. More conservative minus 0.5 spread after recent minus 1.5 failures. Milan strong at San Siro this season.,2-1,1,0,0,0,0,0,-147,430,280,2.5,105,-136,-0.5,-165,0.5,115,2025-11-29 20:00:00+00:00,2025-11-29 11:45:00-08:00,2025-11-29,cliff
4,265825,2025-11-29T20:05:00.000Z,Marseille vs Toulouse,Marseille -0.5,-175,2,84,Marseille dominant home side with 99% consensus backing them. Toulouse weak travelers with line holding despite public showing confidence.,2-0,1,0,0,0,0,0,-155,425,300,2.5,-131,101,-0.5,-175,0.5,130,2025-11-29 20:00:00+00:00,2025-11-29 12:05:00-08:00,2025-11-29,cliff
5,265616,2025-11-30T14:05:00.000Z,Aston Villa vs Wolverhampton,Aston Villa -1.5,130,2,82,Villa strong home favorites with 98% backing and plus odds on minus 1.5 spread offers value. Wolves in poor form traveling to Villa Park.,2-0,1,0,0,0,0,0,-200,525,335,2.5,-125,-103,-1.5,130,1.5,-182,2025-11-29 20:00:00+00:00,2025-11-30 06:05:00-08:00,2025-11-30,cliff
6,265826,2025-11-29T16:00:00.000Z,Monaco vs PSG,PSG -0.5,-165,2,80,PSG home favorites in Ligue 1 with 98% backing. Using minus 0.5 instead of minus 1.5 for safety. Monaco quality opponent but PSG at Parc des Princes strong.,1-2,0,0,1,0,0,0,350,-155,345,3.5,-109,-115,0.5,115,-0.5,-165,2025-11-29 20:00:00+00:00,2025-11-29 08:00:00-08:00,2025-11-29,cliff
7,282400,2025-11-29T23:00:00.000Z,Inter Miami vs NYCFC,Inter Miami -1.5,120,2,78,Miami playoff game at home with plus odds on minus 1.5 in MLS playoff atmosphere offers value. Home field advantage critical in knockout match.,2-0,1,0,0,0,0,0,-200,433,375,3.5,-100,-131,-1.5,120,1.5,-167,2025-11-29 20:00:00+00:00,2025-11-29 15:00:00-08:00,2025-11-29,cliff
8,265828,2025-11-30T14:00:00.000Z,Strasbourg vs Brest,Strasbourg -0.5,-135,1,75,Strasbourg home favorites with 96% tickets backing them. Conservative minus 0.5 spread in domestic French league where we have had better success recently.,2-1,1,0,0,0,0,0,-125,320,275,2.5,-140,109,-0.5,-135,0.5,-110,2025-11-29 20:00:00+00:00,2025-11-30 06:00:00-08:00,2025-11-30,cliff
9,265816,2025-11-30T17:00:00.000Z,Atalanta vs Fiorentina,Atalanta -0.5,-145,1,73,Atalanta home favorites with 96% backing and line moved toward Atalanta showing sharp action. Serie A domestic match more reliable than European games.,2-1,1,0,0,0,0,0,-138,375,275,2.5,-118,-110,-0.5,-145,0.5,105,2025-11-29 20:00:00+00:00,2025-11-30 09:00:00-08:00,2025-11-30,cliff
10,265832,2025-11-29T18:00:00.000Z,Paris FC vs Auxerre,Paris FC -0.5,-120,1,71,Paris FC home favorites with 94% tickets backing them. Ligue 2 domestic match with clear home advantage and conservative spread approach working better.,2-1,1,0,0,0,0,0,-110,305,250,2.5,-107,-121,-0.5,-120,0.5,-118,2025-11-29 20:00:00+00:00,2025-11-29 10:00:00-08:00,2025-11-29,cliff
